{
    "os": "macOS-12.6-arm64-arm-64bit",
    "python": "3.8.14",
    "heartbeatAt": "2022-11-22T22:15:42.261062",
    "startedAt": "2022-11-22T22:15:41.642607",
    "docker": null,
    "cpu_count": 8,
    "cuda": null,
    "args": [
        "--model_name_or_path",
        "michiyasunaga/BioLinkBERT-base",
        "--train_file",
        "../data/seqcls/GAD_hf/train.json",
        "--validation_file",
        "../data/seqcls/GAD_hf/dev.json",
        "--test_file",
        "../data/seqcls/GAD_hf/test.json",
        "--do_train",
        "--do_eval=false",
        "--do_predict",
        "--metric_name",
        "PRF1",
        "--per_device_train_batch_size",
        "64",
        "--gradient_accumulation_steps",
        "1",
        "--fp16=false",
        "--learning_rate",
        "5e-5",
        "--num_train_epochs",
        "10",
        "--max_seq_length",
        "256",
        "--save_strategy",
        "no",
        "--evaluation_strategy",
        "no",
        "--output_dir",
        "runs/seqcls/BioLinkBERT-base",
        "--overwrite_output_dir"
    ],
    "state": "running",
    "program": "seqcls/run_seqcls.py",
    "codePath": "src/seqcls/run_seqcls.py",
    "git": {
        "remote": "https://github.com/michiyasunaga/LinkBERT.git",
        "commit": "210bc47a412dc3df3e09339a6cd76f8eac51123b"
    },
    "email": "18871766619@163.com",
    "root": "/Users/cszbdc/Documents/01_projects/02_git/LinkBERT",
    "host": "cszbddeMacBook-Pro.local",
    "username": "cszbdc",
    "executable": "/Users/cszbdc/miniforge3/envs/bluebert/bin/python"
}
